{"time": [5.3649356126785275, 10.729871225357055, 16.09480683803558, 21.45974245071411, 26.82467806339264, 32.18961367607116, 37.55454928874969, 42.91948490142822, 48.28442051410675, 53.64935612678528, 59.0142917394638, 64.37922735214232, 69.74416296482086, 75.10909857749938, 80.47403419017792, 85.83896980285644, 91.20390541553496, 96.5688410282135, 101.93377664089202, 107.29871225357056], "train_acc": [0.8569587300054824, 0.8569587300054824, 0.8569587300054824, 0.8569587300054824, 0.8569587300054824, 0.8569587300054824, 0.8569587300054824, 0.8569587300054824, 0.8569587300054824, 0.8569587300054824, 0.8569587300054824, 0.8569587300054824, 0.8569587300054824, 0.8569587300054824, 0.8569587300054824, 0.8569587300054824, 0.8569587300054824, 0.8569587300054824, 0.8569587300054824, 0.8569587300054824], "test_acc": [0.8565849917797941, 0.8565849917797941, 0.8565849917797941, 0.8565849917797941, 0.8565849917797941, 0.8565849917797941, 0.8565849917797941, 0.8565849917797941, 0.8565849917797941, 0.8565849917797941, 0.8565849917797941, 0.8565849917797941, 0.8565849917797941, 0.8565849917797941, 0.8565849917797941, 0.8565849917797941, 0.8565849917797941, 0.8565849917797941, 0.8565849917797941, 0.8565849917797941]}